Func	Gene	ExonicFunc	AAChange	Conserved	SegDup	ESP6500_ALL	1000g2012apr_ALL	dbSNP137	AVSIFT	LJB_PhyloP	LJB_PhyloP_Pred	LJB_SIFT	LJB_SIFT_Pred	LJB_PolyPhen2	LJB_PolyPhen2_Pred	LJB_LRT	LJB_LRT_Pred	LJB_MutationTaster	LJB_MutationTaster_Pred	LJB_GERP++	Chr	Start	End	Ref	Obs	Otherinfo
exonic	CUL9	synonymous SNV	CUL9:NM_015089:exon4:c.C1149G:p.L383L	428;Name=lod=73		0.999385	1.00	rs941849													6	43154091	43154091	C	G	Hom
exonic	TBCC	nonsynonymous SNV	TBCC:NM_003192:exon1:c.T194C:p.V65A	631;Name=lod=488		0.990389	0.99	rs2234026	1	0.990362	C	0.23	T	0.131026	NA	0.997675	N	3.0E-6	N	3.74	6	42713618	42713618	A	G	Hom
exonic	SLC22A7	synonymous SNV	SLC22A7:NM_006672:exon7:c.T1215C:p.A405A,SLC22A7:NM_153320:exon7:c.T1221C:p.A407A			0.978010	0.98	rs2651184													6	43270097	43270097	T	C	Hom
exonic	ZNF318	nonsynonymous SNV	ZNF318:NM_014345:exon10:c.T5390C:p.V1797A			0.978010	0.98	rs1459675	0.45	0.019814	N	0.37	T	0.0	B	0.061249	N	2.0E-6	P	-5.44	6	43306346	43306346	A	G	Hom
exonic	UBR2	synonymous SNV	UBR2:NM_015255:exon12:c.A1311G:p.L437L	697;Name=lod=907		0.930406	0.94	rs5014584													6	42600319	42600319	A	G	Hom
exonic	PRPH2	nonsynonymous SNV	PRPH2:NM_000322:exon3:c.G929A:p.R310K	557;Name=lod=244		0.930724	0.94	rs425876	1	0.959824	C	0.0	T	0.0	NA	0.999997	N	0.0	P	4.89	6	42666145	42666145	C	T	Hom
exonic	CUL7	synonymous SNV	CUL7:NM_001168370:exon11:c.A2691G:p.Q897Q,CUL7:NM_014780:exon11:c.A2439G:p.Q813Q	620;Name=lod=442		0.976857	0.81	rs9394939													6	43014298	43014298	T	C	Hom
exonic	CUL7	nonsynonymous SNV	CUL7:NM_001168370:exon11:c.A2690G:p.Q897R,CUL7:NM_014780:exon11:c.A2438G:p.Q813R	620;Name=lod=442		0.976857	0.78	rs9381231	1	0.812945	N	0.72	T	0.0	B	0.999904	N	3.3E-5	N	1.26	6	43014299	43014299	T	C	Hom
exonic	PRPH2	nonsynonymous SNV	PRPH2:NM_000322:exon3:c.A1013G:p.D338G	243;Name=lod=13		0.776795	0.78	rs434102	0.24	0.959265	C	0.78	T	0.508998	NA	0.995503	N	0.332345	N	4.08	6	42666061	42666061	T	C	Hom
exonic	PRPH2	nonsynonymous SNV	PRPH2:NM_000322:exon3:c.C910G:p.Q304E	557;Name=lod=244		0.776795	0.78	rs390659	1	0.975056	C	0.0	T	0.001431	NA	1.0	N	1.0E-6	P	4.89	6	42666164	42666164	G	C	Hom
exonic	TFEB	synonymous SNV	TFEB:NM_001271943:exon8:c.A909G:p.P303P,TFEB:NM_001167827:exon9:c.A1206G:p.P402P,TFEB:NM_001271944:exon9:c.A1164G:p.P388P,TFEB:NM_001271945:exon9:c.A1164G:p.P388P,TFEB:NM_007162:exon10:c.A1164G:p.P388P			0.756197	0.74	rs1062966													6	41652604	41652604	T	C	Hom
exonic	TAF8	synonymous SNV	TAF8:NM_138572:exon8:c.G888A:p.R296R			0.645058	0.70	rs3800286													6	42044945	42044945	G	A	Hom
exonic	PRPH2	synonymous SNV	PRPH2:NM_000322:exon1:c.T318C:p.V106V			0.606797	0.58	rs7764439													6	42689755	42689755	A	G	Hom
exonic	CCND3	nonsynonymous SNV	CCND3:NM_001136125:exon4:c.T559G:p.S187A,CCND3:NM_001136126:exon4:c.T187G:p.S63A,CCND3:NM_001136017:exon5:c.T532G:p.S178A,CCND3:NM_001760:exon5:c.T775G:p.S259A			0.624327	0.58	rs1051130	0.75	0.797712	N	0.5	T	0.0	B	0.915863	N	1.0E-5	P	1.48	6	41903782	41903782	A	C	Hom
exonic	C6orf132	nonsynonymous SNV	C6orf132:NM_001164446:exon4:c.T1544C:p.L515P				0.50	rs9394866	0.37												6	42074106	42074106	A	G	Het
exonic	PEX6	synonymous SNV	PEX6:NM_000287:exon17:c.G2814A:p.E938E	389;Name=lod=51		0.597570	0.48	rs1129186													6	42932202	42932202	C	T	Het
exonic	CRIP3	nonsynonymous SNV	CRIP3:NM_206922:exon8:c.T563C:p.I188T	569;Name=lod=275		0.441911	0.46	rs2242416	0.72	0.998909	C	0.47	T	0.0	B	0.911413	NA	0.427006	P	5.42	6	43273604	43273604	A	G	Hom
exonic	SLC22A7	synonymous SNV	SLC22A7:NM_006672:exon7:c.C1269T:p.S423S,SLC22A7:NM_153320:exon7:c.C1275T:p.S425S			0.428527	0.44	rs2270860													6	43270151	43270151	C	T	Het
exonic	XPO5	synonymous SNV	XPO5:NM_020750:exon24:c.T2679G:p.R893R	532;Name=lod=193		0.451246	0.36	rs1106841													6	43496662	43496662	A	C	Hom
exonic	TTBK1	nonsynonymous SNV	TTBK1:NM_032538:exon13:c.G1868C:p.G623A			0.315211	0.34	rs3800294	1	0.970148	C	0.82	T	0.0	B	0.781835	N	1.0E-6	P	3.08	6	43230970	43230970	G	C	Het
exonic	PEX6	synonymous SNV	PEX6:NM_000287:exon1:c.G399T:p.V133V	295;Name=lod=21		0.375411	0.33	rs9462858													6	42946490	42946490	C	A	Het
exonic	PEX6	nonsynonymous SNV	PEX6:NM_000287:exon17:c.C2816A:p.P939Q			0.426880	0.33	rs1129187	0.14	0.193183	N	0.62	T	0.0	B	0.527446	N	0.007258	P	-2.33	6	42932200	42932200	G	T	Het
exonic	MRPS10	synonymous SNV	MRPS10:NM_018141:exon1:c.T24G:p.G8G			0.337690	0.29	rs9471809													6	42185564	42185564	A	C	Hom
exonic	PTCRA	nonsynonymous SNV	PTCRA:NM_001243168:exon2:c.G316A:p.V106I,PTCRA:NM_138296:exon2:c.G316A:p.V106I,PTCRA:NM_001243169:exon3:c.G241A:p.V81I	358;Name=lod=38		0.292173	0.23	rs9471966	0.1	0.999631	C	0.89	T	0.033	B	0.999665	D	0.020241	P	3.98	6	42891022	42891022	G	A	Het
exonic	USP49	synonymous SNV	USP49:NM_018561:exon4:c.C987T:p.G329G	383;Name=lod=48		0.251807	0.22	rs6926173													6	41773735	41773735	G	A	Het
exonic	CNPY3	nonsynonymous SNV	CNPY3:NM_006586:exon6:c.G692T:p.S231I	553;Name=lod=236		0.278222	0.21	rs9471969	0.22	0.999365	C	0.96	D	0.043	B	0.985715	N	0.056402	P	4.85	6	42906384	42906384	G	T	Het
exonic	TFEB	synonymous SNV	TFEB:NM_001271943:exon8:c.G999A:p.A333A,TFEB:NM_001167827:exon9:c.G1296A:p.A432A,TFEB:NM_001271944:exon9:c.G1254A:p.A418A,TFEB:NM_001271945:exon9:c.G1254A:p.A418A,TFEB:NM_007162:exon10:c.G1254A:p.A418A	349;Name=lod=35		0.158874	0.20	rs2073158													6	41652514	41652514	C	T	Het
exonic	PRICKLE4	synonymous SNV	PRICKLE4:NM_013397:exon6:c.C388T:p.L130L			0.188528	0.19	rs9394831													6	41753084	41753084	C	T	Het
exonic	PRICKLE4	synonymous SNV	PRICKLE4:NM_013397:exon8:c.C864T:p.L288L				0.19	rs9381093													6	41754576	41754576	C	T	Het
exonic	C6orf132	synonymous SNV	C6orf132:NM_001164446:exon4:c.G1692A:p.R564R	251;Name=lod=14			0.18	rs9394865													6	42073958	42073958	C	T	Het
exonic	C6orf132	synonymous SNV	C6orf132:NM_001164446:exon4:c.C2661T:p.G887G			0.122427	0.18	rs9394863													6	42072989	42072989	G	A	Het
exonic	BYSL	nonsynonymous SNV	BYSL:NM_004053:exon7:c.C1276T:p.P426S			0.099954	0.10	rs3828855	0.93	0.998951	C	0.04	T	0.0	B	0.999866	D	0.393586	NA	4.04	6	41900406	41900406	C	T	Het
exonic	BYSL	nonsynonymous SNV	BYSL:NM_004053:exon2:c.G307A:p.E103K	525;Name=lod=181		0.077580	0.08	rs2296916	0.03	0.998197	C	0.86	T	0.256	P	0.999999	D	0.99982	P	4.07	6	41895150	41895150	G	A	Het
exonic	GLTSCR1L	synonymous SNV	GLTSCR1L:NM_015349:exon9:c.G2187A:p.A729A	558;Name=lod=247		0.068661	0.06	rs9471932													6	42824907	42824907	G	A	Het
exonic	TRERF1	nonsynonymous SNV	TRERF1:NM_033502:exon12:c.T2500A:p.C834S	537;Name=lod=203		0.056435	0.06	rs2295275	0.02	0.999077	C	0.89	T	1.0	D	0.999998	D	0.999453	P	5.58	6	42224546	42224546	A	T	Het
exonic	XPO5	nonsynonymous SNV	XPO5:NM_020750:exon7:c.G722A:p.S241N	383;Name=lod=48		0.053253	0.04	rs34324334	0.71												6	43535018	43535018	C	T	Het
exonic	C6orf132	nonsynonymous SNV	C6orf132:NM_001164446:exon4:c.C1891T:p.L631F			0.021463	0.01	rs34879933	0.14												6	42073759	42073759	G	A	Het
exonic	TJAP1	nonsynonymous SNV	TJAP1:NM_001146017:exon5:c.G164A:p.R55H,TJAP1:NM_001146020:exon5:c.G164A:p.R55H,TJAP1:NM_001146016:exon6:c.G164A:p.R55H,TJAP1:NM_001146019:exon6:c.G164A:p.R55H,TJAP1:NM_080604:exon6:c.G164A:p.R55H,TJAP1:NM_001146018:exon7:c.G164A:p.R55H	584;Name=lod=314		0.003614	0.0032	rs140868873	0	0.999284	C	0.99	D	0.999	D	0.999417	N	0.49355	N	4.76	6	43469299	43469299	G	A	Het
exonic	C6orf132	nonsynonymous SNV	C6orf132:NM_001164446:exon4:c.C2047T:p.L683F			0.001752		rs200544470	0.04												6	42073603	42073603	G	A	Het
